Landmarks,Gesture
"[ 7.09307253e-01  6.73849881e-01 -6.03194934e-08  6.83009446e-01
  5.80208480e-01 -3.08422465e-03  6.47657037e-01  5.04800320e-01
 -1.63496286e-02  6.34998739e-01  4.38995838e-01 -3.11429109e-02
  6.43032372e-01  3.84843349e-01 -4.75358702e-02  5.81552684e-01
  5.59346080e-01 -2.93322671e-02  5.27499497e-01  5.81806183e-01
 -4.28963341e-02  5.51343203e-01  5.85357785e-01 -5.19088171e-02
  5.77396750e-01  5.78318596e-01 -5.69818690e-02  5.82513273e-01
  6.23803914e-01 -3.57605889e-02  5.28757811e-01  6.35365605e-01
 -4.03191969e-02  5.53827763e-01  6.35819256e-01 -3.86565849e-02
  5.81573784e-01  6.30976439e-01 -4.03494649e-02  5.90156794e-01
  6.82846904e-01 -4.07517403e-02  5.38889587e-01  6.87076867e-01
 -4.21661995e-02  5.62526643e-01  6.84571981e-01 -3.20974514e-02
  5.90018511e-01  6.80350065e-01 -2.76845209e-02  6.01755857e-01
  7.35595345e-01 -4.60457355e-02  5.57898104e-01  7.34611928e-01
 -4.54935096e-02  5.79566836e-01  7.28619516e-01 -3.21876183e-02
  6.04528844e-01  7.25010097e-01 -2.27820352e-02]",A
"[ 6.97195351e-01  6.57063007e-01 -9.24577108e-08  6.67971969e-01
  5.62507093e-01 -3.87769635e-03  6.31079495e-01  4.85487759e-01
 -1.78529061e-02  6.14550710e-01  4.14704919e-01 -3.25115509e-02
  6.16124988e-01  3.59792531e-01 -4.85687219e-02  5.73185742e-01
  5.41896939e-01 -3.53548937e-02  5.17075241e-01  5.63080132e-01
 -4.70307879e-02  5.41292429e-01  5.67510605e-01 -5.32014556e-02
  5.67545712e-01  5.60665309e-01 -5.64952753e-02  5.74515462e-01
  6.09102547e-01 -4.04530428e-02  5.20299196e-01  6.19451046e-01
 -4.30487506e-02  5.44876277e-01  6.20482385e-01 -3.92258875e-02
  5.72054505e-01  6.15265250e-01 -4.02349755e-02  5.80795825e-01
  6.69613659e-01 -4.35800031e-02  5.32351375e-01  6.71039820e-01
 -4.19856496e-02  5.53716958e-01  6.70868278e-01 -3.05417236e-02
  5.80349922e-01  6.68732643e-01 -2.64479257e-02  5.89930773e-01
  7.22818911e-01 -4.70513925e-02  5.48003554e-01  7.21333683e-01
 -4.29082364e-02  5.68062425e-01  7.17696548e-01 -2.81376485e-02
  5.92124343e-01  7.15488911e-01 -1.86516847e-02]",B
"[ 7.03485727e-01  6.50028586e-01 -1.35694833e-07  6.76536500e-01
  5.56818187e-01 -4.27830871e-03  6.39623642e-01  4.78820115e-01
 -1.88553631e-02  6.26128435e-01  4.06818688e-01 -3.39290500e-02
  6.35454297e-01  3.49683225e-01 -5.07883579e-02  5.87213397e-01
  5.32798648e-01 -4.02643569e-02  5.29190958e-01  5.58259726e-01
 -5.37739992e-02  5.54391384e-01  5.63955724e-01 -6.02107309e-02
  5.81590116e-01  5.57688475e-01 -6.36242852e-02  5.87995708e-01
  6.00731790e-01 -4.58085909e-02  5.29333949e-01  6.13789260e-01
 -5.14637977e-02  5.56404471e-01  6.16383672e-01 -4.76450063e-02
  5.86234748e-01  6.12928629e-01 -4.81049344e-02  5.93143940e-01
  6.61221385e-01 -4.91651967e-02  5.41610837e-01  6.65555179e-01
 -5.02053574e-02  5.65966666e-01  6.65736854e-01 -3.82862277e-02
  5.94291210e-01  6.64374113e-01 -3.33359353e-02  6.01736546e-01
  7.14830518e-01 -5.28472662e-02  5.57497561e-01  7.15948820e-01
 -5.15009500e-02  5.79253256e-01  7.11922765e-01 -3.75644155e-02
  6.04230583e-01  7.08803713e-01 -2.84470785e-02]",C
"[ 7.06860065e-01  6.58006310e-01 -1.28811308e-07  6.83019638e-01
  5.65423548e-01 -3.96316499e-03  6.47766054e-01  4.87737894e-01
 -1.83697660e-02  6.36862278e-01  4.16344702e-01 -3.36363763e-02
  6.45586133e-01  3.58957171e-01 -5.06798550e-02  5.95875919e-01
  5.43467224e-01 -3.93729508e-02  5.38987041e-01  5.60899496e-01
 -5.48126139e-02  5.64165235e-01  5.66395223e-01 -6.28432408e-02
  5.91175318e-01  5.62611759e-01 -6.69910088e-02  5.96617043e-01
  6.10119760e-01 -4.58312146e-02  5.36819994e-01  6.17010176e-01
 -5.38385883e-02  5.63237190e-01  6.19180083e-01 -5.10852635e-02
  5.93678772e-01  6.16334558e-01 -5.16186617e-02  6.01069331e-01
  6.69264555e-01 -5.03293462e-02  5.48480332e-01  6.69790745e-01
 -5.33304587e-02  5.72503865e-01  6.70403540e-01 -4.13487591e-02
  6.01360917e-01  6.69146180e-01 -3.57120410e-02  6.08695984e-01
  7.21636534e-01 -5.51605597e-02  5.64989626e-01  7.21323609e-01
 -5.46856448e-02  5.87460101e-01  7.19139457e-01 -4.03481536e-02
  6.13102496e-01  7.17437267e-01 -3.07398867e-02]",D
"[ 7.17012763e-01  6.63286686e-01 -9.93037688e-08  6.89159870e-01
  5.68480134e-01 -4.43670200e-03  6.50328636e-01  4.89824593e-01
 -2.01784968e-02  6.36946619e-01  4.17102754e-01 -3.67406532e-02
  6.46225393e-01  3.56157213e-01 -5.50378375e-02  6.02267623e-01
  5.41559160e-01 -4.16668691e-02  5.38273573e-01  5.60513437e-01
 -5.73185980e-02  5.65037429e-01  5.64039886e-01 -6.50298446e-02
  5.92581809e-01  5.57558775e-01 -6.90951124e-02  6.03709340e-01
  6.09869659e-01 -4.80294451e-02  5.37931323e-01  6.15301609e-01
 -5.58806658e-02  5.65049350e-01  6.17088318e-01 -5.23400865e-02
  5.95175505e-01  6.14345908e-01 -5.25202826e-02  6.08052790e-01
  6.71525896e-01 -5.24521209e-02  5.47741652e-01  6.68622255e-01
 -5.52867837e-02  5.71713448e-01  6.68602109e-01 -4.23872396e-02
  6.00953579e-01  6.67377055e-01 -3.61939408e-02  6.14460707e-01
  7.26019323e-01 -5.71826994e-02  5.64520478e-01  7.19680667e-01
 -5.63828014e-02  5.86152434e-01  7.16743708e-01 -4.14531603e-02
  6.11683905e-01  7.16319025e-01 -3.15166488e-02]",A
"[ 7.07575083e-01  6.58982038e-01 -1.76338162e-07  6.83833718e-01
  5.69591045e-01 -5.62548498e-03  6.49241626e-01  4.85126317e-01
 -2.47326884e-02  6.36570036e-01  4.13551569e-01 -4.32929769e-02
  6.41278565e-01  3.55173796e-01 -6.32416308e-02  6.23972952e-01
  5.37147105e-01 -6.31346405e-02  5.39166033e-01  5.58064461e-01
 -8.46101344e-02  5.63324749e-01  5.60118139e-01 -9.12144855e-02
  5.92641830e-01  5.54256916e-01 -9.35495868e-02  6.28053904e-01
  6.06060684e-01 -7.11904988e-02  5.35604835e-01  6.18432999e-01
 -8.64037201e-02  5.61876178e-01  6.15925670e-01 -8.02301019e-02
  5.94972491e-01  6.11394823e-01 -7.86251724e-02  6.30722046e-01
  6.66128278e-01 -7.66098425e-02  5.45390844e-01  6.72434032e-01
 -8.59275982e-02  5.70910335e-01  6.66941464e-01 -6.86880648e-02
  6.03276074e-01  6.62477136e-01 -5.93210906e-02  6.32708132e-01
  7.19101429e-01 -8.22000802e-02  5.66659212e-01  7.21694410e-01
 -8.68731812e-02  5.88209569e-01  7.13543892e-01 -7.19875991e-02
  6.16011620e-01  7.09250569e-01 -6.26037121e-02]",B
"[ 6.89008296e-01  7.08400249e-01 -5.86108001e-07  6.34105146e-01
  6.13960266e-01 -1.86532643e-02  6.12967670e-01  5.08341134e-01
 -3.22428308e-02  6.15043104e-01  4.29084659e-01 -4.32718657e-02
  6.24889255e-01  3.65122676e-01 -5.39303422e-02  6.62462413e-01
  4.72881317e-01 -4.34476621e-02  5.83268642e-01  5.24063706e-01
 -6.47111908e-02  5.87252259e-01  5.69421768e-01 -7.36137703e-02
  6.04342937e-01  5.71122229e-01 -7.97966719e-02  6.92706823e-01
  5.20710170e-01 -4.66803871e-02  5.99248230e-01  5.85465789e-01
 -6.78808019e-02  6.07324243e-01  6.18796349e-01 -6.80982545e-02
  6.27800703e-01  6.20247602e-01 -7.02465922e-02  7.11410046e-01
  5.77656031e-01 -5.10920919e-02  6.21020854e-01  6.36736870e-01
 -7.15350285e-02  6.26433611e-01  6.63604379e-01 -6.06185980e-02
  6.45917416e-01  6.62354767e-01 -5.35493605e-02  7.18822122e-01
  6.35948539e-01 -5.70617653e-02  6.48635864e-01  6.79790795e-01
 -7.20335394e-02  6.53433919e-01  6.94172621e-01 -6.59859553e-02
  6.72852576e-01  6.86540961e-01 -6.04473203e-02]",C
"[ 6.67303085e-01  7.09278047e-01  4.24196656e-07  6.05573118e-01
  6.78258777e-01 -1.97027978e-02  5.59145153e-01  6.08387649e-01
 -3.01819406e-02  5.24814367e-01  5.59704304e-01 -3.93736772e-02
  4.94605184e-01  5.25276124e-01 -4.85277772e-02  6.12982988e-01
  4.95609313e-01 -1.43550318e-02  5.99514723e-01  4.11151230e-01
 -2.75624432e-02  5.90707242e-01  3.57409149e-01 -4.03087400e-02
  5.82017839e-01  3.13565403e-01 -5.03836647e-02  6.58531070e-01
  4.88975495e-01 -1.90144386e-02  6.60567462e-01  3.94284517e-01
 -2.86194049e-02  6.61428869e-01  3.34932208e-01 -4.01457697e-02
  6.59439564e-01  2.88569599e-01 -4.90278825e-02  7.01554775e-01
  5.01969457e-01 -2.69472152e-02  7.07970738e-01  4.11845267e-01
 -3.96032482e-02  7.11176872e-01  3.57448399e-01 -5.05805127e-02
  7.11189032e-01  3.09408426e-01 -5.84699661e-02  7.40517735e-01
  5.30743718e-01 -3.66880000e-02  7.59325564e-01  4.61930901e-01
 -4.96662296e-02  7.69129276e-01  4.15787667e-01 -5.52815273e-02
  7.74729311e-01  3.72497499e-01 -5.87812029e-02]",D
"[ 6.91855490e-01  6.90430522e-01  4.56111877e-07  6.23535752e-01
  6.60282493e-01 -1.88239235e-02  5.64115703e-01  5.97482860e-01
 -2.75178254e-02  5.21214783e-01  5.57697415e-01 -3.63812223e-02
  4.81326163e-01  5.39863527e-01 -4.59673181e-02  6.14700377e-01
  4.58086103e-01 -7.44687440e-03  5.92125535e-01  3.71992558e-01
 -1.94456950e-02  5.81815839e-01  3.16705883e-01 -3.24976332e-02
  5.75254261e-01  2.69175529e-01 -4.37275134e-02  6.59405231e-01
  4.41200674e-01 -1.41579937e-02  6.58646464e-01  3.36301565e-01
 -2.14538444e-02  6.59797490e-01  2.71447182e-01 -3.21113281e-02
  6.60500944e-01  2.19341487e-01 -4.17083390e-02  7.02689886e-01
  4.48012859e-01 -2.51212753e-02  7.06883550e-01  3.51473033e-01
 -3.68270390e-02  7.07829654e-01  2.95600653e-01 -4.74932343e-02
  7.05681682e-01  2.46538892e-01 -5.63918650e-02  7.43784785e-01
  4.74014133e-01 -3.84891815e-02  7.62863338e-01  4.06583101e-01
 -4.98590656e-02  7.72307992e-01  3.62919450e-01 -5.44966869e-02
  7.77202964e-01  3.22247326e-01 -5.87632582e-02]",A
"[ 7.00656474e-01  6.80621386e-01  4.44151283e-07  6.30449891e-01
  6.52101099e-01 -1.79496333e-02  5.67871809e-01  5.90611160e-01
 -2.56714821e-02  5.23244500e-01  5.52852929e-01 -3.36326323e-02
  4.83700395e-01  5.38587987e-01 -4.22128737e-02  6.19441330e-01
  4.47637975e-01 -5.50081953e-03  5.93500137e-01  3.60749871e-01
 -1.61462650e-02  5.81760824e-01  3.06427836e-01 -2.85403281e-02
  5.73665857e-01  2.59121060e-01 -3.95597182e-02  6.63934469e-01
  4.30141747e-01 -1.24158310e-02  6.60983860e-01  3.25686872e-01
 -1.81882847e-02  6.60918534e-01  2.62024701e-01 -2.80954950e-02
  6.60189450e-01  2.10485578e-01 -3.73510458e-02  7.07401156e-01
  4.36158746e-01 -2.36165784e-02  7.09436774e-01  3.39037210e-01
 -3.42538618e-02  7.09608734e-01  2.83812702e-01 -4.46110554e-02
  7.06571221e-01  2.34902203e-01 -5.34451343e-02  7.48869419e-01
  4.61546332e-01 -3.72483060e-02  7.66083479e-01  3.93673092e-01
 -4.84098345e-02  7.74027824e-01  3.49429786e-01 -5.32143712e-02
  7.77478874e-01  3.08149278e-01 -5.76822907e-02]",B
"[ 7.07226872e-01  6.80460811e-01  4.62789927e-07  6.36247218e-01
  6.52224183e-01 -2.01629773e-02  5.72859585e-01  5.94044209e-01
 -3.04103773e-02  5.25444627e-01  5.58830738e-01 -4.08934094e-02
  4.83294845e-01  5.40823460e-01 -5.18258996e-02  6.23735070e-01
  4.48160946e-01 -7.96309952e-03  5.95991373e-01  3.61833692e-01
 -2.10196711e-02  5.82264543e-01  3.07545364e-01 -3.52288745e-02
  5.72149873e-01  2.60213137e-01 -4.72003967e-02  6.67830825e-01
  4.30041850e-01 -1.46728223e-02  6.63654804e-01  3.24666440e-01
 -2.25808620e-02  6.62268579e-01  2.59873033e-01 -3.39068100e-02
  6.60458922e-01  2.06903726e-01 -4.37576286e-02  7.11737812e-01
  4.35007930e-01 -2.58559547e-02  7.12623835e-01  3.37567896e-01
 -3.78537066e-02  7.12351203e-01  2.80297279e-01 -4.83801365e-02
  7.08728135e-01  2.29941666e-01 -5.69547899e-02  7.53883004e-01
  4.59452450e-01 -3.96921784e-02  7.71345437e-01  3.90489548e-01
 -5.09273186e-02  7.79444754e-01  3.45710158e-01 -5.48981093e-02
  7.82717884e-01  3.05067778e-01 -5.84352538e-02]",C
"[ 7.12574601e-01  7.03335285e-01  4.93002460e-07  6.39009833e-01
  6.74787164e-01 -2.30457168e-02  5.76142907e-01  6.19965851e-01
 -3.65365148e-02  5.28568506e-01  5.84131718e-01 -4.96612266e-02
  4.84768957e-01  5.65723002e-01 -6.31568283e-02  6.25519335e-01
  4.73597378e-01 -1.39526827e-02  5.97531915e-01  3.87356341e-01
 -2.94994470e-02  5.82576394e-01  3.31528693e-01 -4.50084470e-02
  5.71900785e-01  2.82803416e-01 -5.77298254e-02  6.70198858e-01
  4.54774737e-01 -2.02197414e-02  6.65677130e-01  3.49157929e-01
 -3.08376923e-02  6.65000081e-01  2.83412367e-01 -4.30407338e-02
  6.64544165e-01  2.29085207e-01 -5.33221737e-02  7.14654624e-01
  4.59691763e-01 -3.10241729e-02  7.15131640e-01  3.60382766e-01
 -4.59821932e-02  7.14702964e-01  3.01428884e-01 -5.73299490e-02
  7.12099552e-01  2.49214217e-01 -6.60934895e-02  7.57711649e-01
  4.84231740e-01 -4.45121787e-02  7.75935888e-01  4.12493438e-01
 -5.82769625e-02  7.85798252e-01  3.65075231e-01 -6.31572232e-02
  7.91938484e-01  3.21205974e-01 -6.70622736e-02]",D
"[ 6.97046161e-01  7.03139007e-01  5.60768605e-08  6.33159280e-01
  6.66304588e-01 -2.02826783e-02  5.81197202e-01  5.98411441e-01
 -3.27249542e-02  5.40701985e-01  5.51939785e-01 -4.55669649e-02
  5.01934230e-01  5.19376576e-01 -5.83259165e-02  6.26432538e-01
  4.72118139e-01 -7.64019322e-03  6.07795179e-01  3.93043399e-01
 -2.37126574e-02  5.91175377e-01  3.47169906e-01 -4.16682214e-02
  5.74946463e-01  3.12907636e-01 -5.62035739e-02  6.68166935e-01
  4.65566665e-01 -1.42421098e-02  6.63655996e-01  3.77015084e-01
 -3.32018100e-02  6.57631576e-01  3.52188140e-01 -5.04720397e-02
  6.48959875e-01  3.53410840e-01 -6.15906380e-02  7.08443761e-01
  4.77663845e-01 -2.44773831e-02  7.10373223e-01  3.87491256e-01
 -4.31429073e-02  7.05218852e-01  3.62138480e-01 -5.19569702e-02
  6.95666015e-01  3.64963293e-01 -5.69256544e-02  7.47776091e-01
  5.05817473e-01 -3.71513143e-02  7.54009366e-01  4.34027791e-01
 -5.31609729e-02  7.52019763e-01  4.17341143e-01 -5.60968183e-02
  7.45587528e-01  4.24745202e-01 -5.70048764e-02]",A
"[ 7.27405965e-01  6.79726422e-01 -6.20265439e-07  6.54135704e-01
  6.10106945e-01 -1.72881521e-02  6.20404959e-01  5.20669878e-01
 -2.46104468e-02  6.10500574e-01  4.40973550e-01 -3.01518757e-02
  6.08706355e-01  3.80548239e-01 -3.41048464e-02  6.52927101e-01
  4.48880255e-01 -2.85696480e-02  5.73303044e-01  5.12478471e-01
 -4.72491011e-02  5.74371636e-01  5.67365944e-01 -5.26091419e-02
  5.93524575e-01  5.82091153e-01 -5.46620749e-02  6.81145012e-01
  4.88276422e-01 -3.16580497e-02  5.91002882e-01  5.61140478e-01
 -4.96578328e-02  5.91826975e-01  6.07600272e-01 -4.87128235e-02
  6.09395027e-01  6.21319294e-01 -4.78225984e-02  7.01801896e-01
  5.42732418e-01 -3.69981974e-02  6.12478197e-01  6.10862672e-01
 -5.73607422e-02  6.10739172e-01  6.48251474e-01 -5.08798659e-02
  6.28205299e-01  6.54668570e-01 -4.47352044e-02  7.15725780e-01
  6.02844417e-01 -4.38947305e-02  6.41872168e-01  6.54202342e-01
 -5.93941212e-02  6.35907769e-01  6.73186243e-01 -5.77024072e-02
  6.48360133e-01  6.72173321e-01 -5.36186881e-02]",B
"[ 7.39523888e-01  6.13130867e-01 -1.68077264e-07  7.14592636e-01
  5.12645662e-01 -3.47369676e-03  6.79231584e-01  4.26130533e-01
 -1.77459829e-02  6.69184446e-01  3.50082040e-01 -3.33117284e-02
  6.86621547e-01  2.86422402e-01 -5.10399938e-02  6.12655818e-01
  4.73464340e-01 -3.51820774e-02  5.57831168e-01  5.13671100e-01
 -5.21943793e-02  5.86243331e-01  5.16877949e-01 -6.28411919e-02
  6.13924205e-01  5.05407810e-01 -6.93590343e-02  6.14412725e-01
  5.42076588e-01 -4.32976857e-02  5.54607809e-01  5.70653796e-01
 -5.41231707e-02  5.85907638e-01  5.69984198e-01 -5.35792783e-02
  6.18321359e-01  5.63359976e-01 -5.51830642e-02  6.22540474e-01
  6.02594972e-01 -4.97494936e-02  5.69127023e-01  6.23320937e-01
 -5.71490116e-02  5.98146796e-01  6.18410528e-01 -4.69142422e-02
  6.28626764e-01  6.11738801e-01 -4.11583818e-02  6.35243595e-01
  6.56054199e-01 -5.65353855e-02  5.93533993e-01  6.68774128e-01
 -6.09960146e-02  6.18602812e-01  6.61382437e-01 -4.91531380e-02
  6.44234657e-01  6.53583288e-01 -4.00738418e-02]",C
"[ 7.38218844e-01  6.23152375e-01 -1.12621969e-07  7.10395575e-01
  5.22457659e-01 -4.10861429e-03  6.72919452e-01  4.37877119e-01
 -1.87480040e-02  6.66409254e-01  3.63246679e-01 -3.37415412e-02
  6.90342665e-01  3.08660656e-01 -5.07776365e-02  6.13560915e-01
  4.99204397e-01 -4.46888208e-02  5.56688666e-01  5.29237509e-01
 -5.89900613e-02  5.83384812e-01  5.29463053e-01 -6.44300282e-02
  6.10540390e-01  5.22698700e-01 -6.72145858e-02  6.17921650e-01
  5.70342302e-01 -5.15996739e-02  5.51747084e-01  5.85617006e-01
 -6.00694641e-02  5.79877496e-01  5.82864225e-01 -5.53780198e-02
  6.12304807e-01  5.78317106e-01 -5.45567796e-02  6.27043188e-01
  6.31308436e-01 -5.59783541e-02  5.68682373e-01  6.36431038e-01
 -6.02402911e-02  5.93130469e-01  6.31673217e-01 -4.79198471e-02
  6.22611761e-01  6.28821909e-01 -4.17276174e-02  6.38820052e-01
  6.83645546e-01 -6.05684891e-02  5.89795351e-01  6.81600451e-01
 -6.21247068e-02  6.11863911e-01  6.75581694e-01 -4.84337136e-02
  6.37089491e-01  6.72654510e-01 -3.92123237e-02]",D
"[ 7.34348893e-01  6.24501109e-01 -1.16296071e-07  7.07164764e-01
  5.24411142e-01 -5.87419514e-03  6.70847297e-01  4.39494044e-01
 -2.13096496e-02  6.64016664e-01  3.66910040e-01 -3.77212279e-02
  6.87592864e-01  3.12628210e-01 -5.58479540e-02  6.06696665e-01
  5.01750171e-01 -3.95875610e-02  5.57435155e-01  5.27738333e-01
 -5.82978912e-02  5.87801635e-01  5.28125226e-01 -6.83886558e-02
  6.16103649e-01  5.21079481e-01 -7.38592669e-02  6.10122025e-01
  5.72264493e-01 -4.71970215e-02  5.52619576e-01  5.84448338e-01
 -6.09636009e-02  5.85542202e-01  5.81645310e-01 -5.96341379e-02
  6.19182706e-01  5.76324403e-01 -5.95277362e-02  6.19094133e-01
  6.33410931e-01 -5.33565804e-02  5.68859100e-01  6.40100658e-01
 -6.20256886e-02  5.97123086e-01  6.34249091e-01 -5.09114601e-02
  6.26874745e-01  6.28790379e-01 -4.39469106e-02  6.31591380e-01
  6.86928511e-01 -6.00979961e-02  5.90235829e-01  6.89651072e-01
 -6.35078177e-02  6.14317000e-01  6.80426061e-01 -5.05021997e-02
  6.38470232e-01  6.72232151e-01 -4.08960469e-02]",A
"[ 7.37644672e-01  6.38479412e-01 -1.32358522e-07  7.10651636e-01
  5.37090719e-01 -4.01681056e-03  6.72479093e-01  4.48877305e-01
 -2.00469885e-02  6.64199889e-01  3.72679472e-01 -3.64971384e-02
  6.88224673e-01  3.14558715e-01 -5.50321490e-02  6.17656827e-01
  5.02515197e-01 -4.67309915e-02  5.56670487e-01  5.35638571e-01
 -6.32010177e-02  5.84101617e-01  5.36175132e-01 -7.05509931e-02
  6.11060619e-01  5.27977288e-01 -7.45984986e-02  6.20747507e-01
  5.72314024e-01 -5.45463115e-02  5.50428629e-01  5.89647114e-01
 -6.49669617e-02  5.79305172e-01  5.88512838e-01 -6.11368008e-02
  6.11751616e-01  5.85344672e-01 -6.07723296e-02  6.27692699e-01
  6.33885622e-01 -5.98004125e-02  5.64968526e-01  6.42732024e-01
 -6.53688535e-02  5.90376437e-01  6.38804615e-01 -5.27435429e-02
  6.20290697e-01  6.35847449e-01 -4.61449549e-02  6.37360871e-01
  6.88241005e-01 -6.52433932e-02  5.86837173e-01  6.89783096e-01
 -6.71845227e-02  6.09326601e-01  6.83972001e-01 -5.32387458e-02
  6.34859264e-01  6.80594981e-01 -4.37551737e-02]",B
"[ 7.26944208e-01  6.41165793e-01 -1.31859068e-07  7.11149454e-01
  5.38992763e-01 -3.87374428e-03  6.83625996e-01  4.49812114e-01
 -1.85876228e-02  6.76571906e-01  3.75404984e-01 -3.36003527e-02
  6.97494924e-01  3.17668915e-01 -5.05335033e-02  6.20749772e-01
  4.85833764e-01 -4.31491360e-02  5.56232274e-01  5.13552904e-01
 -5.62283956e-02  5.81211925e-01  5.24840117e-01 -6.09842949e-02
  6.08898699e-01  5.20584524e-01 -6.35186359e-02  6.12937748e-01
  5.52709520e-01 -4.91941236e-02  5.50822377e-01  5.68432927e-01
 -5.49485832e-02  5.76472461e-01  5.77147722e-01 -4.97842468e-02
  6.05909586e-01  5.75792015e-01 -4.92961109e-02  6.11526847e-01
  6.14220738e-01 -5.27074300e-02  5.57532430e-01  6.21204734e-01
 -5.45746796e-02  5.81763864e-01  6.25767231e-01 -4.23304178e-02
  6.10024095e-01  6.25543296e-01 -3.70481089e-02  6.14992797e-01
  6.69314325e-01 -5.64491004e-02  5.75543523e-01  6.68456554e-01
 -5.68394773e-02  6.00185573e-01  6.69821024e-01 -4.38066125e-02
  6.25628591e-01  6.69687152e-01 -3.48867923e-02]",C
"[ 7.13119924e-01  6.55488431e-01  1.73431374e-07  7.31919289e-01
  5.59546769e-01 -2.59039039e-03  7.35893607e-01  4.72903222e-01
 -1.61088090e-02  7.45984375e-01  3.98748964e-01 -2.94437539e-02
  7.74813294e-01  3.56473058e-01 -4.56790067e-02  6.61991060e-01
  4.51504916e-01 -4.15672846e-02  5.99724591e-01  3.82603198e-01
 -5.34156449e-02  5.62556267e-01  3.42427611e-01 -6.03956208e-02
  5.33337712e-01  3.12449396e-01 -6.62539974e-02  6.25699878e-01
  4.87573802e-01 -4.47905846e-02  5.88695824e-01  4.63204473e-01
 -4.82190438e-02  6.03676915e-01  4.85375434e-01 -3.83132771e-02
  6.25468910e-01  5.06751597e-01 -3.40431221e-02  6.00310683e-01
  5.38376510e-01 -4.53110002e-02  5.76936185e-01  5.18025815e-01
 -4.54635806e-02  5.89505851e-01  5.35698414e-01 -3.04243360e-02
  6.09186232e-01  5.56847095e-01 -2.32687220e-02  5.80867887e-01
  5.90871274e-01 -4.59334254e-02  5.61327994e-01  5.67010999e-01
 -4.30363528e-02  5.78262329e-01  5.84089220e-01 -2.82115228e-02
  5.96988440e-01  6.04469657e-01 -1.79313645e-02]",D
"[ 7.04460859e-01  6.56669319e-01  1.56085434e-07  7.31673181e-01
  5.67270339e-01 -4.75935591e-03  7.42480040e-01  4.85079855e-01
 -1.91314165e-02  7.59587884e-01  4.11149532e-01 -3.30838524e-02
  7.92286932e-01  3.70010018e-01 -4.99739610e-02  6.65307164e-01
  4.48814869e-01 -4.27682996e-02  6.12602055e-01  3.65862936e-01
 -5.45848235e-02  5.78306973e-01  3.18374217e-01 -6.14221357e-02
  5.51101029e-01  2.83996552e-01 -6.70906529e-02  6.25360847e-01
  4.75538790e-01 -4.41543274e-02  5.97244561e-01  4.52370882e-01
 -4.69498746e-02  6.11561418e-01  4.78520691e-01 -3.60766985e-02
  6.31963491e-01  5.04223943e-01 -3.14476304e-02  5.96661747e-01
  5.21031976e-01 -4.31018211e-02  5.79452097e-01  5.00399947e-01
 -4.46177498e-02  5.92128813e-01  5.23642063e-01 -2.96616908e-02
  6.10777676e-01  5.50402582e-01 -2.25702096e-02  5.74835837e-01
  5.68252742e-01 -4.21563499e-02  5.64209580e-01  5.50608456e-01
 -4.11233269e-02  5.82431495e-01  5.74891329e-01 -2.69359834e-02
  6.01261675e-01  6.00831628e-01 -1.67345852e-02]",A
"[ 6.96052969e-01  6.43248618e-01  1.27398252e-07  7.34595358e-01
  5.55829883e-01 -2.80744280e-03  7.52055287e-01  4.78602648e-01
 -1.67311840e-02  7.69136727e-01  4.08816129e-01 -3.04183122e-02
  7.98564494e-01  3.67543042e-01 -4.66816612e-02  6.78118885e-01
  4.34741408e-01 -4.17018794e-02  6.26875162e-01  3.46720636e-01
 -5.69478050e-02  5.96115112e-01  2.96368182e-01 -6.66273162e-02
  5.70887089e-01  2.58468688e-01 -7.37715736e-02  6.35742486e-01
  4.60737973e-01 -4.33951132e-02  6.03549898e-01  4.21187341e-01
 -4.55796570e-02  6.18052959e-01  4.49498922e-01 -3.23235057e-02
  6.35870636e-01  4.78595287e-01 -2.63130423e-02  6.02784991e-01
  5.04988134e-01 -4.31957096e-02  5.83940089e-01  4.70937163e-01
 -4.42219377e-02  5.96273363e-01  4.93766189e-01 -2.60892827e-02
  6.10525727e-01  5.19295037e-01 -1.68779846e-02  5.74745297e-01
  5.51566958e-01 -4.28502783e-02  5.60563087e-01  5.11971891e-01
 -3.99805903e-02  5.75776577e-01  5.34292221e-01 -2.27969289e-02
  5.89133501e-01  5.58666050e-01 -1.13262096e-02]",B
"[ 6.95798099e-01  6.43137574e-01  1.14527190e-07  7.34265387e-01
  5.55127501e-01 -3.88279819e-04  7.51885831e-01  4.76838827e-01
 -1.30396513e-02  7.68697262e-01  4.05791581e-01 -2.57432386e-02
  7.98125803e-01  3.65545452e-01 -4.14095670e-02  6.82130039e-01
  4.34089869e-01 -3.98225635e-02  6.29135251e-01  3.43801677e-01
 -5.34839146e-02  5.98109484e-01  2.92343140e-01 -6.23123609e-02
  5.72711825e-01  2.53245890e-01 -6.92431480e-02  6.40018880e-01
  4.61456537e-01 -4.25812230e-02  6.03822351e-01  4.16120350e-01
 -4.29179855e-02  6.16610527e-01  4.43135440e-01 -2.95705162e-02
  6.34127438e-01  4.71830547e-01 -2.42456887e-02  6.05708122e-01
  5.05518973e-01 -4.31642123e-02  5.82392514e-01  4.63284433e-01
 -4.16358151e-02  5.92952549e-01  4.85576242e-01 -2.27670725e-02
  6.06430292e-01  5.11831164e-01 -1.39933750e-02  5.75909853e-01
  5.52245200e-01 -4.35250327e-02  5.57075679e-01  5.03755331e-01
 -3.89507264e-02  5.70104480e-01  5.25986791e-01 -2.11505406e-02
  5.83032191e-01  5.51708043e-01 -9.86329652e-03]",C
"[ 6.95181370e-01  6.41213179e-01  1.27618421e-07  7.32382059e-01
  5.64579248e-01 -8.54736287e-03  7.52645373e-01  4.80051309e-01
 -2.33572945e-02  7.69414127e-01  4.05078232e-01 -3.68669219e-02
  7.99249828e-01  3.59712124e-01 -5.27837276e-02  6.93238616e-01
  4.35556978e-01 -4.43281345e-02  6.49989188e-01  3.39508802e-01
 -6.05516993e-02  6.21830165e-01  2.83953071e-01 -6.77217543e-02
  5.99973977e-01  2.42190197e-01 -7.23981857e-02  6.52154267e-01
  4.61169660e-01 -4.54016253e-02  6.06412530e-01  4.09063339e-01
 -5.74511327e-02  6.16542995e-01  4.41128254e-01 -4.82548513e-02
  6.36345208e-01  4.72485751e-01 -4.12965566e-02  6.15685165e-01
  5.00288904e-01 -4.50477749e-02  5.81798673e-01  4.59929347e-01
 -5.51974289e-02  5.90940714e-01  4.87768441e-01 -3.95518616e-02
  6.07240677e-01  5.12883365e-01 -2.86388490e-02  5.83099961e-01
  5.42226136e-01 -4.46473248e-02  5.60115933e-01  5.00369072e-01
 -4.74690273e-02  5.71207881e-01  5.26744306e-01 -3.23245451e-02
  5.83977044e-01  5.51404774e-01 -2.05804687e-02]",D
"[ 6.74663961e-01  6.43862784e-01  7.63174000e-07  7.11361885e-01
  5.63714385e-01 -7.75338104e-03  7.31755495e-01  4.79292631e-01
 -2.26197746e-02  7.48567224e-01  4.06256676e-01 -3.72548290e-02
  7.77026892e-01  3.61526370e-01 -5.27113155e-02  6.67222083e-01
  4.34581131e-01 -4.49461751e-02  6.47566736e-01  3.22300136e-01
 -6.27350435e-02  6.36381745e-01  2.58349955e-01 -7.05913454e-02
  6.29311264e-01  2.09293440e-01 -7.33779669e-02  6.23031259e-01
  4.58079815e-01 -4.66132686e-02  5.72888970e-01  3.63514304e-01
 -6.00741617e-02  5.39444387e-01  3.07312131e-01 -6.41433448e-02
  5.14586687e-01  2.70665765e-01 -6.63168505e-02  5.87463915e-01
  4.96744484e-01 -4.46789339e-02  5.63088179e-01  4.53216791e-01
 -5.07761203e-02  5.81472516e-01  4.74936217e-01 -3.99864092e-02
  5.98484814e-01  5.03511846e-01 -2.97656879e-02  5.59369147e-01
  5.41174352e-01 -4.36269976e-02  5.53072572e-01  5.16266942e-01
 -4.18471731e-02  5.69974542e-01  5.38042784e-01 -2.76388545e-02
  5.83251119e-01  5.60319722e-01 -1.41926529e-02]",A
"[ 6.65081084e-01  6.45570040e-01  7.44038744e-07  7.01802015e-01
  5.63852310e-01 -5.76511864e-03  7.23692179e-01  4.79283839e-01
 -2.08110400e-02  7.41307616e-01  4.06404555e-01 -3.60029750e-02
  7.70244539e-01  3.61681908e-01 -5.21089807e-02  6.58966303e-01
  4.34994280e-01 -4.51166034e-02  6.38301730e-01  3.22851062e-01
 -6.40294999e-02  6.26514912e-01  2.57845402e-01 -7.30015039e-02
  6.19299293e-01  2.08078146e-01 -7.65429214e-02  6.14827216e-01
  4.58901584e-01 -4.75098826e-02  5.65197766e-01  3.61423761e-01
 -6.27391338e-02  5.32350063e-01  3.04749340e-01 -6.77549317e-02
  5.08424997e-01  2.68521369e-01 -7.04885200e-02  5.79026461e-01
  4.97528315e-01 -4.57691252e-02  5.56307852e-01  4.51239735e-01
 -5.17679565e-02  5.73245823e-01  4.73103642e-01 -3.91856469e-02
  5.89121759e-01  5.02292752e-01 -2.77735926e-02  5.50487578e-01
  5.41866302e-01 -4.47784103e-02  5.44268012e-01  5.10161936e-01
 -4.15974930e-02  5.60861588e-01  5.32327414e-01 -2.51442958e-02
  5.73731363e-01  5.56223094e-01 -1.02153625e-02]",B
"[ 6.60003543e-01  6.46590769e-01  6.94984408e-07  6.96873009e-01
  5.60713828e-01 -1.41293288e-03  7.18166769e-01  4.77655411e-01
 -1.34391077e-02  7.34461665e-01  4.05636638e-01 -2.61040162e-02
  7.61504650e-01  3.61955553e-01 -3.93611826e-02  6.53323352e-01
  4.31283385e-01 -3.91016491e-02  6.31007969e-01  3.20651412e-01
 -5.61085343e-02  6.15625143e-01  2.56965190e-01 -6.39958456e-02
  6.07115149e-01  2.07569778e-01 -6.69511259e-02  6.08375132e-01
  4.54529762e-01 -4.23015915e-02  5.55876374e-01  3.62714410e-01
 -5.65650463e-02  5.21551847e-01  3.08773786e-01 -6.15775436e-02
  4.98048961e-01  2.73876011e-01 -6.41239360e-02  5.72274983e-01
  4.93173182e-01 -4.09852006e-02  5.49168825e-01  4.56327438e-01
 -4.50737663e-02  5.65244317e-01  4.77239460e-01 -3.35971601e-02
  5.81327200e-01  5.04509866e-01 -2.30346639e-02  5.42653620e-01
  5.38955092e-01 -4.00714129e-02  5.35430491e-01  5.16067624e-01
 -3.49692553e-02  5.51964223e-01  5.37743568e-01 -1.92609131e-02
  5.65124929e-01  5.59016109e-01 -4.89056576e-03]",C
"[ 6.54531717e-01  6.41790867e-01  5.10902112e-07  6.89798832e-01
  5.57524681e-01  1.83959724e-03  7.13355660e-01  4.76873815e-01
 -7.54387304e-03  7.26174831e-01  4.04932231e-01 -1.79685075e-02
  7.49681056e-01  3.56740952e-01 -3.02711260e-02  6.46855891e-01
  4.29427832e-01 -3.21081653e-02  6.15528166e-01  3.18868756e-01
 -4.66933809e-02  5.96382499e-01  2.56577790e-01 -5.55569045e-02
  5.83757818e-01  2.07857355e-01 -5.97984158e-02  6.03173792e-01
  4.50758755e-01 -3.40731628e-02  5.45558095e-01  3.69916558e-01
 -3.55471894e-02  5.15529811e-01  3.31783533e-01 -3.31876427e-02
  4.95618433e-01  3.09634387e-01 -3.32828984e-02  5.68195343e-01
  4.87242639e-01 -3.25889923e-02  5.38169742e-01  4.57160145e-01
 -2.60435436e-02  5.54722190e-01  4.76805300e-01 -1.38587700e-02
  5.72573841e-01  5.03683329e-01 -6.46259775e-03  5.37745774e-01
  5.31583369e-01 -3.16022113e-02  5.25799274e-01  5.15671909e-01
 -2.25529131e-02  5.43097973e-01  5.36828578e-01 -8.71806033e-03
  5.59163988e-01  5.57876825e-01  2.80095940e-03]",D
"[ 6.41446710e-01  6.30405188e-01  1.75652843e-07  6.85716271e-01
  5.54383814e-01 -7.46139465e-03  7.06631958e-01  4.74846035e-01
 -1.90625601e-02  7.19333172e-01  3.97532642e-01 -2.93971822e-02
  7.42611229e-01  3.47211808e-01 -4.08576354e-02  6.41157031e-01
  4.23480898e-01 -3.01581193e-02  5.91442168e-01  3.41017306e-01
 -3.73882987e-02  5.59313416e-01  3.04377496e-01 -3.75858396e-02
  5.36225140e-01  2.82128632e-01 -3.76761593e-02  5.94517767e-01
  4.50034469e-01 -3.11005469e-02  5.40160656e-01  3.80032867e-01
 -3.63567546e-02  5.51205397e-01  4.03080612e-01 -2.84775030e-02
  5.71928322e-01  4.33631033e-01 -2.15960164e-02  5.57856321e-01
  4.89301950e-01 -3.03375758e-02  5.20819187e-01  4.38314855e-01
 -3.21937799e-02  5.36947906e-01  4.60714102e-01 -1.91951338e-02
  5.56435764e-01  4.87154514e-01 -1.12904934e-02  5.27823329e-01
  5.32242596e-01 -3.01395804e-02  5.15688956e-01  5.11486650e-01
 -3.07241939e-02  5.34599304e-01  5.31497240e-01 -2.16571074e-02
  5.51339984e-01  5.48552155e-01 -1.41707500e-02]",A
"[ 6.33928478e-01  6.28153563e-01  2.46955182e-07  6.77854180e-01
  5.51720679e-01 -8.71335249e-03  6.98333085e-01  4.69742090e-01
 -1.97465066e-02  7.09820211e-01  3.93344432e-01 -2.99379472e-02
  7.33880520e-01  3.43515664e-01 -4.11213674e-02  6.31502986e-01
  4.15659100e-01 -2.60279570e-02  5.83330870e-01  3.37868899e-01
 -3.45670506e-02  5.49325168e-01  3.02002192e-01 -3.69474627e-02
  5.26110232e-01  2.79556394e-01 -3.81090753e-02  5.85716724e-01
  4.43845779e-01 -2.81000808e-02  5.22691965e-01  3.65040421e-01
 -3.47733833e-02  5.18863082e-01  3.71545374e-01 -3.15160267e-02
  5.30306697e-01  3.94653141e-01 -2.68947873e-02  5.48720300e-01
  4.84675169e-01 -2.87616570e-02  5.12446821e-01  4.38406795e-01
 -3.33521403e-02  5.26754677e-01  4.61190820e-01 -2.40807552e-02
  5.45411646e-01  4.88202035e-01 -1.66365784e-02  5.18901050e-01
  5.29395521e-01 -3.01897563e-02  5.07385552e-01  5.11592865e-01
 -3.20517458e-02  5.24487078e-01  5.31711102e-01 -2.37877257e-02
  5.40537655e-01  5.49101174e-01 -1.56821422e-02]",B
"[ 6.20002627e-01  6.26002431e-01  6.67942231e-07  6.66240036e-01
  5.51657319e-01 -9.03000683e-03  6.88906908e-01  4.73971903e-01
 -1.94893982e-02  7.05409527e-01  3.97160381e-01 -2.72267498e-02
  7.25740552e-01  3.45695764e-01 -3.70347761e-02  6.22079551e-01
  4.16740596e-01 -3.59982625e-02  5.79665661e-01  3.21097076e-01
 -4.36614566e-02  5.54861844e-01  2.70205826e-01 -4.52481881e-02
  5.34181476e-01  2.30743691e-01 -4.53229733e-02  5.74232221e-01
  4.39179093e-01 -3.71361002e-02  5.25450051e-01  3.39687347e-01
 -4.39744703e-02  4.95916486e-01  2.79810429e-01 -4.91948463e-02
  4.74794030e-01  2.37804860e-01 -5.21978065e-02  5.35459101e-01
  4.78215367e-01 -3.54917943e-02  4.88036335e-01  4.20241654e-01
 -4.68490198e-02  4.56166983e-01  3.85537356e-01 -6.06995039e-02
  4.35458183e-01  3.67176890e-01 -6.99288100e-02  5.06830812e-01
  5.23693621e-01 -3.22866589e-02  5.01548767e-01  5.08482277e-01
 -4.18567620e-02  5.14061570e-01  5.23810446e-01 -4.38809283e-02
  5.27844012e-01  5.40801823e-01 -4.35815901e-02]",C
"[ 6.14522219e-01  6.37612224e-01  7.88047771e-07  6.56001747e-01
  5.57105660e-01 -4.42997040e-03  6.76192641e-01  4.75309640e-01
 -1.48907788e-02  6.93725109e-01  3.95979464e-01 -2.20211651e-02
  7.16985524e-01  3.42095256e-01 -3.17157768e-02  6.13186598e-01
  4.20511037e-01 -4.44434285e-02  5.88604033e-01  3.04326296e-01
 -5.54626510e-02  5.74422657e-01  2.40271702e-01 -5.77204600e-02
  5.61552525e-01  1.90045804e-01 -5.77701628e-02  5.66401362e-01
  4.42859024e-01 -4.70061041e-02  5.21179557e-01  3.34328771e-01
 -6.30125254e-02  4.96034384e-01  2.68543810e-01 -6.97536618e-02
  4.77034658e-01  2.19748899e-01 -7.21650049e-02  5.26738226e-01
  4.81184483e-01 -4.52106297e-02  4.68832731e-01  4.08458740e-01
 -6.29324466e-02  4.35278296e-01  3.52990389e-01 -7.69342631e-02
  4.12223250e-01  3.16585600e-01 -8.52266476e-02  4.97308850e-01
  5.25842011e-01 -4.06781584e-02  4.81281459e-01  5.01298070e-01
 -5.05479090e-02  4.94430840e-01  5.20166039e-01 -4.85568084e-02
  5.11320114e-01  5.42205036e-01 -4.52346131e-02]",D
"[ 6.12945020e-01  6.33996069e-01  7.82572329e-07  6.54639304e-01
  5.52928627e-01 -6.61466410e-03  6.74980760e-01  4.70990449e-01
 -1.82752181e-02  6.92210674e-01  3.93339038e-01 -2.66548283e-02
  7.13713884e-01  3.38733256e-01 -3.78263369e-02  6.11605406e-01
  4.18466449e-01 -4.66185436e-02  5.86966217e-01  3.03628832e-01
 -5.96034266e-02  5.71493447e-01  2.39141434e-01 -6.38390705e-02
  5.57789028e-01  1.88230783e-01 -6.53714985e-02  5.64134121e-01
  4.41347003e-01 -4.90012914e-02  5.20049632e-01  3.32996219e-01
 -6.48558512e-02  4.95347291e-01  2.65517890e-01 -7.28683993e-02
  4.76686388e-01  2.15849668e-01 -7.69591257e-02  5.24652243e-01
  4.80378598e-01 -4.72910181e-02  4.68609899e-01  4.07652259e-01
 -6.51284754e-02  4.36510623e-01  3.52227896e-01 -8.03021044e-02
  4.14343238e-01  3.16477627e-01 -9.01627094e-02  4.95606363e-01
  5.24706006e-01 -4.31253538e-02  4.82276678e-01  5.02274334e-01
 -5.52685969e-02  4.97045338e-01  5.18311262e-01 -5.55468388e-02
  5.14448047e-01  5.37258029e-01 -5.39992005e-02]",A
"[ 6.11329913e-01  6.29555881e-01  7.82488826e-07  6.52954221e-01
  5.48567832e-01 -7.66590796e-03  6.73544943e-01  4.67835426e-01
 -1.90979131e-02  6.90766692e-01  3.90872836e-01 -2.74931118e-02
  7.10713446e-01  3.36988956e-01 -3.83575931e-02  6.08518600e-01
  4.10027266e-01 -4.26433124e-02  5.83916366e-01  2.97436416e-01
 -5.48053384e-02  5.68435788e-01  2.34060183e-01 -5.92349507e-02
  5.53933203e-01  1.83793038e-01 -6.10044897e-02  5.61695993e-01
  4.33817804e-01 -4.47285064e-02  5.17195821e-01  3.27436507e-01
 -5.99874593e-02  4.92567778e-01  2.62160063e-01 -6.79238439e-02
  4.73415703e-01  2.14282647e-01 -7.17829764e-02  5.23027718e-01
  4.73444819e-01 -4.32308242e-02  4.66163367e-01  4.03037190e-01
 -6.05406426e-02  4.34313118e-01  3.49652350e-01 -7.44430572e-02
  4.12157029e-01  3.16002667e-01 -8.30331147e-02  4.94677842e-01
  5.18960357e-01 -3.96894738e-02  4.78147238e-01  4.91212100e-01
 -5.11484630e-02  4.92557734e-01  5.06583571e-01 -5.01551665e-02
  5.10219812e-01  5.26986003e-01 -4.74179760e-02]",B
"[ 6.09007061e-01  6.21187568e-01  6.04905892e-07  6.52857661e-01
  5.47434807e-01 -9.06999316e-03  6.76034451e-01  4.67113733e-01
 -1.96327008e-02  6.92700565e-01  4.00831372e-01 -2.87761446e-02
  7.18204081e-01  3.56352150e-01 -3.93529497e-02  5.97715735e-01
  3.95561904e-01 -3.51958983e-02  5.95957220e-01  2.90498734e-01
 -4.95484248e-02  5.91301858e-01  2.28365958e-01 -5.68397865e-02
  5.89193583e-01  1.80477142e-01 -6.17956147e-02  5.53818107e-01
  4.08680320e-01 -3.94017845e-02  5.30412316e-01  3.08787525e-01
 -5.04644252e-02  5.14121413e-01  2.44903177e-01 -5.76538630e-02
  5.04711568e-01  1.96296826e-01 -6.35174811e-02  5.18044233e-01
  4.45876986e-01 -4.23447117e-02  4.88490403e-01  3.68089378e-01
 -5.44249043e-02  4.71040756e-01  3.12796146e-01 -6.83891848e-02
  4.61259633e-01  2.67563254e-01 -7.94949159e-02  4.90861505e-01
  4.97255385e-01 -4.46714424e-02  4.53686893e-01  4.80958790e-01
 -6.16694801e-02  4.25935268e-01  4.66280282e-01 -7.32037723e-02
  4.02764022e-01  4.50542629e-01 -7.98065215e-02]",C
"[ 6.08430445e-01  6.27942264e-01  6.08982702e-07  6.53317988e-01
  5.49663842e-01 -7.69949472e-03  6.75038815e-01  4.66181606e-01
 -1.64068136e-02  6.91323400e-01  3.99942338e-01 -2.34432835e-02
  7.20262408e-01  3.62185359e-01 -3.17293964e-02  5.92468023e-01
  3.97386074e-01 -3.27737480e-02  5.91312051e-01  2.91312963e-01
 -4.51177880e-02  5.89724183e-01  2.29227170e-01 -5.14660552e-02
  5.89805126e-01  1.82070255e-01 -5.59235290e-02  5.47005832e-01
  4.13665682e-01 -3.65816429e-02  5.24216354e-01  3.10075462e-01
 -4.43356931e-02  5.10491490e-01  2.46041149e-01 -4.84109484e-02
  5.00748992e-01  1.98269248e-01 -5.28201722e-02  5.10229349e-01
  4.52060282e-01 -3.95692922e-02  4.80689496e-01  3.72184813e-01
 -4.90042754e-02  4.64908123e-01  3.17232519e-01 -6.18291721e-02
  4.54871207e-01  2.73014456e-01 -7.27857575e-02  4.83157694e-01
  5.04394889e-01 -4.19452153e-02  4.38808173e-01  4.87531871e-01
 -5.69039360e-02  4.07060206e-01  4.78439480e-01 -6.77889064e-02
  3.79913747e-01  4.66975719e-01 -7.47313425e-02]",D
"[ 6.16899312e-01  6.27202272e-01  5.98358781e-07  6.60512984e-01
  5.49405754e-01 -9.94449854e-03  6.80770695e-01  4.69900638e-01
 -2.20336393e-02  6.95087373e-01  4.01344478e-01 -3.20843793e-02
  7.22194552e-01  3.58713180e-01 -4.33503501e-02  6.01748347e-01
  3.96172732e-01 -4.05031852e-02  5.97145617e-01  2.89328337e-01
 -5.54563552e-02  5.90823412e-01  2.27163851e-01 -6.25868067e-02
  5.85080564e-01  1.78486139e-01 -6.77892193e-02  5.55359125e-01
  4.13958222e-01 -4.53501977e-02  5.27249873e-01  3.09753120e-01
 -5.72535172e-02  5.09402514e-01  2.45681643e-01 -6.28056601e-02
  4.95930672e-01  1.97253212e-01 -6.78892657e-02  5.18249214e-01
  4.55194592e-01 -4.90480736e-02  4.84883755e-01  3.76302183e-01
 -6.25923350e-02  4.65909153e-01  3.18608195e-01 -7.61798322e-02
  4.53524292e-01  2.71850705e-01 -8.71268436e-02  4.91821826e-01
  5.10365069e-01 -5.20662405e-02  4.44076657e-01  4.92679387e-01
 -7.01060146e-02  4.10101771e-01  4.82583046e-01 -8.13587084e-02
  3.81648451e-01  4.69939381e-01 -8.82368907e-02]",A
"[ 6.37317777e-01  6.46732926e-01  3.57451853e-07  6.70893610e-01
  5.61249673e-01  4.28008428e-03  6.80598617e-01  4.74106967e-01
 -3.28761875e-03  6.79848194e-01  3.98273766e-01 -9.91290528e-03
  6.91592515e-01  3.44920427e-01 -1.90205015e-02  6.30102158e-01
  4.33163464e-01 -4.58451286e-02  6.08644724e-01  3.18782866e-01
 -6.65610433e-02  5.92774868e-01  2.51408666e-01 -7.50407055e-02
  5.81328034e-01  1.99063733e-01 -7.97497705e-02  5.90129614e-01
  4.55688864e-01 -5.59306629e-02  5.42290986e-01  3.37162375e-01
 -7.35451579e-02  5.10648370e-01  2.71815330e-01 -7.94267431e-02
  4.87753332e-01  2.22163826e-01 -8.40099454e-02  5.54792106e-01
  4.91731018e-01 -6.24530055e-02  5.07599831e-01  3.89865190e-01
 -7.79008716e-02  4.80209589e-01  3.27616900e-01 -8.69606435e-02
  4.62006330e-01  2.79331446e-01 -9.39039439e-02  5.25450170e-01
  5.37090302e-01 -6.64655566e-02  4.69747245e-01  4.87743884e-01
 -8.38901550e-02  4.37002480e-01  4.59025025e-01 -9.17152390e-02
  4.11304176e-01  4.30529267e-01 -9.55988914e-02]",B
"[ 6.08275890e-01  6.81133509e-01 -5.12153974e-07  5.53456366e-01
  6.11152649e-01 -5.20769320e-03  5.31998575e-01  5.16456902e-01
 -1.20821903e-02  5.29135644e-01  4.42386031e-01 -2.29317565e-02
  5.37029803e-01  3.89800161e-01 -3.53047363e-02  6.00062191e-01
  4.28768009e-01 -1.27699813e-02  5.99936306e-01  3.46337795e-01
 -3.19670960e-02  6.01769447e-01  2.90166587e-01 -4.41769212e-02
  6.04842246e-01  2.43140802e-01 -5.36448695e-02  6.33069038e-01
  4.42278296e-01 -2.32217871e-02  5.53440154e-01  4.38242286e-01
 -6.16239868e-02  5.19441843e-01  5.03080070e-01 -7.14270845e-02
  5.09266436e-01  5.56190252e-01 -6.98227137e-02  6.51274145e-01
  4.73545343e-01 -3.45408134e-02  5.64913392e-01  4.73888069e-01
 -7.22262859e-02  5.33524334e-01  5.34579754e-01 -6.84405193e-02
  5.20662546e-01  5.83488166e-01 -5.64468987e-02  6.58993304e-01
  5.13410568e-01 -4.64185700e-02  5.86718380e-01  5.10670185e-01
 -7.45332688e-02  5.57092130e-01  5.51068902e-01 -7.25853741e-02
  5.42798877e-01  5.88355780e-01 -6.32366389e-02]",C
"[ 6.09485209e-01  7.23091483e-01 -3.73313668e-07  5.48431754e-01
  6.66953683e-01 -1.23465220e-02  5.15162945e-01  5.95402479e-01
 -2.67075002e-02  4.96235222e-01  5.37669539e-01 -4.47109826e-02
  4.86296356e-01  4.88459229e-01 -6.40285090e-02  5.73589087e-01
  4.70316589e-01 -1.69121381e-02  5.64291775e-01  3.88807416e-01
 -4.36089002e-02  5.63551009e-01  3.30618709e-01 -6.29633516e-02
  5.64792633e-01  2.79645085e-01 -7.68812746e-02  6.09251499e-01
  4.77815926e-01 -2.66510826e-02  5.24151266e-01  4.84835416e-01
 -7.05747381e-02  4.95476842e-01  5.58389425e-01 -8.39031041e-02
  4.89674360e-01  6.13300979e-01 -8.34950954e-02  6.29177392e-01
  5.08557022e-01 -3.83868888e-02  5.34329891e-01  5.34368217e-01
 -7.98741058e-02  5.13490796e-01  6.04515016e-01 -7.55796582e-02
  5.09951472e-01  6.55180573e-01 -6.19752929e-02  6.37184501e-01
  5.49324691e-01 -5.16159572e-02  5.60791671e-01  5.67320406e-01
 -8.21172297e-02  5.38248301e-01  6.15383565e-01 -7.94005468e-02
  5.30778885e-01  6.53445005e-01 -6.84694499e-02]",D
"[ 6.21556759e-01  7.35591769e-01 -3.90471854e-07  5.54330409e-01
  6.74496293e-01 -5.34005975e-03  5.19976914e-01  6.08134329e-01
 -2.07110420e-02  4.99615103e-01  5.53949773e-01 -4.11981083e-02
  4.89899963e-01  5.06496489e-01 -6.31749406e-02  5.84096551e-01
  4.80492383e-01 -1.66990850e-02  5.68921328e-01  3.96604389e-01
 -4.28635255e-02  5.65903366e-01  3.36125672e-01 -6.20411709e-02
  5.64600527e-01  2.83409715e-01 -7.64188990e-02  6.16580486e-01
  4.88466322e-01 -3.08693592e-02  5.25032222e-01  4.99662489e-01
 -7.26749897e-02  4.97310340e-01  5.72849393e-01 -8.39166418e-02
  4.92980272e-01  6.26719058e-01 -8.37626010e-02  6.32768333e-01
  5.19927442e-01 -4.62796241e-02  5.34220934e-01  5.47975123e-01
 -8.35595429e-02  5.16190052e-01  6.15127325e-01 -7.61640072e-02
  5.15281200e-01  6.64783180e-01 -6.28028959e-02  6.37216032e-01
  5.60721636e-01 -6.29667938e-02  5.58239400e-01  5.78241646e-01
 -9.07324925e-02  5.37168443e-01  6.24103069e-01 -8.65060911e-02
  5.30822456e-01  6.60834134e-01 -7.58065283e-02]",A
"[ 6.28170729e-01  7.39558101e-01  4.86026806e-07  5.60659766e-01
  6.81951165e-01 -1.62480352e-03  5.24583101e-01  6.18304849e-01
 -1.51654715e-02  5.00262976e-01  5.69510520e-01 -3.64890806e-02
  4.70771790e-01  5.24592042e-01 -5.76580614e-02  5.80978036e-01
  4.98486757e-01 -1.43635245e-02  5.62547684e-01  4.06499833e-01
 -4.15856801e-02  5.54300785e-01  3.46801460e-01 -5.93141131e-02
  5.52851319e-01  2.93390751e-01 -6.91674724e-02  6.06318712e-01
  5.02949715e-01 -3.35348137e-02  5.56336582e-01  4.18676317e-01
 -6.71796352e-02  5.32527685e-01  3.54256034e-01 -8.81131664e-02
  5.15377045e-01  2.99972922e-01 -9.78838652e-02  6.25496745e-01
  5.27234852e-01 -5.30379787e-02  5.29330134e-01  5.34097493e-01
 -9.12136659e-02  4.94093359e-01  5.96202612e-01 -9.57386792e-02
  4.77815092e-01  6.48111463e-01 -8.76563936e-02  6.30980790e-01
  5.66205502e-01 -7.33350813e-02  5.50835252e-01  5.83124340e-01
 -9.59463269e-02  5.18948376e-01  6.22206330e-01 -9.33278427e-02
  5.00716686e-01  6.56818926e-01 -8.48690420e-02]",B
"[ 6.35800660e-01  7.37481534e-01  6.32256103e-07  5.60113370e-01
  6.76440299e-01  4.61691897e-03  5.30811846e-01  6.16392493e-01
 -9.62699298e-03  5.12105465e-01  5.66788197e-01 -3.33344601e-02
  4.94354635e-01  5.17721474e-01 -5.61132878e-02  5.93591034e-01
  4.93247628e-01 -8.86037853e-03  5.85808456e-01  3.96135747e-01
 -3.34255621e-02  5.86241543e-01  3.33002806e-01 -4.77442853e-02
  5.92419028e-01  2.76458889e-01 -5.50876036e-02  6.14748001e-01
  4.98972744e-01 -3.09445430e-02  5.59563696e-01  4.12707865e-01
 -6.29347041e-02  5.37859559e-01  3.42071474e-01 -7.82953352e-02
  5.24058998e-01  2.85265297e-01 -8.45998377e-02  6.26027048e-01
  5.25271893e-01 -5.34001067e-02  5.24022102e-01  5.34071863e-01
 -8.71222839e-02  4.95979398e-01  5.99040508e-01 -8.52664411e-02
  4.89866018e-01  6.51979804e-01 -7.39876851e-02  6.25361383e-01
  5.63591003e-01 -7.68962950e-02  5.41258931e-01  5.83998442e-01
 -9.58523378e-02  5.10436237e-01  6.23251855e-01 -9.20457467e-02
  4.94745344e-01  6.56367302e-01 -8.38501230e-02]",C
"[ 6.37685359e-01  7.33172059e-01  6.08305129e-07  5.61482012e-01
  6.71931505e-01  2.94878171e-03  5.31864762e-01  6.10151529e-01
 -1.21133374e-02  5.11451662e-01  5.60155869e-01 -3.53765078e-02
  4.92156088e-01  5.12673795e-01 -5.80054335e-02  5.99256873e-01
  4.89659727e-01 -1.58269294e-02  5.92175424e-01  3.93469781e-01
 -4.19270918e-02  5.93655288e-01  3.29834700e-01 -5.76337837e-02
  5.99904835e-01  2.72834271e-01 -6.58489317e-02  6.17923081e-01
  4.96753573e-01 -3.55037637e-02  5.60202420e-01  4.10342515e-01
 -6.79196492e-02  5.37949264e-01  3.40945601e-01 -8.23703408e-02
  5.23937523e-01  2.85411179e-01 -8.83720666e-02  6.25711799e-01
  5.24191499e-01 -5.50642982e-02  5.22325099e-01  5.28097630e-01
 -8.79808590e-02  4.97958481e-01  5.91952741e-01 -8.44324008e-02
  4.96649563e-01  6.45710170e-01 -7.22292438e-02  6.21119618e-01
  5.63578129e-01 -7.57077113e-02  5.36965966e-01  5.76909006e-01
 -9.49940383e-02  5.09163320e-01  6.16497159e-01 -9.05814320e-02
  4.97767329e-01  6.52325094e-01 -8.17293301e-02]",D
"[ 6.40001297e-01  7.37184525e-01  5.35282879e-07  5.60743928e-01
  6.77568436e-01  1.29779699e-04  5.32271981e-01  6.12213612e-01
 -1.48170069e-02  5.12757838e-01  5.58749795e-01 -3.71384844e-02
  4.93149191e-01  5.14172256e-01 -5.91279939e-02  6.08361661e-01
  4.89775717e-01 -1.57110989e-02  6.00525022e-01  3.93926859e-01
 -4.04475667e-02  6.00624084e-01  3.29336643e-01 -5.59515096e-02
  6.04474366e-01  2.72867143e-01 -6.45773262e-02  6.23940229e-01
  4.99535590e-01 -3.30942012e-02  5.61926723e-01  4.13687110e-01
 -6.49467856e-02  5.33401728e-01  3.49413216e-01 -7.98684359e-02
  5.14118373e-01  2.98629224e-01 -8.65178406e-02  6.27627492e-01
  5.28567433e-01 -5.04032560e-02  5.23224592e-01  5.29925764e-01
 -8.29976425e-02  5.03362954e-01  5.93191087e-01 -7.94031769e-02
  5.06775975e-01  6.44459009e-01 -6.74223006e-02  6.18413091e-01
  5.68160236e-01 -6.89229295e-02  5.34335554e-01  5.76035857e-01
 -8.88198689e-02  5.10220051e-01  6.17882669e-01 -8.41790289e-02
  5.04190624e-01  6.54634416e-01 -7.51110017e-02]",A
"[ 6.56883717e-01  7.25231767e-01  5.28047167e-07  6.41121089e-01
  6.39779568e-01  8.08668789e-04  6.10321045e-01  5.59029162e-01
 -1.16673689e-02  5.58534443e-01  5.20517588e-01 -2.90331580e-02
  5.18672347e-01  5.06318927e-01 -4.69626598e-02  6.41492128e-01
  4.93960559e-01 -2.00762618e-02  6.26571417e-01  3.91250938e-01
 -4.56646271e-02  6.25159144e-01  3.24869156e-01 -6.00376129e-02
  6.29358292e-01  2.69857705e-01 -6.74215928e-02  6.27131224e-01
  5.07588923e-01 -3.38103324e-02  5.64430475e-01  4.12543356e-01
 -6.23879544e-02  5.34356475e-01  3.47168237e-01 -7.65221640e-02
  5.12978435e-01  2.90379703e-01 -8.32201913e-02  6.08181477e-01
  5.38043499e-01 -4.64996956e-02  5.19250512e-01  5.22842824e-01
 -7.41481632e-02  5.17104328e-01  5.72901428e-01 -7.46780783e-02
  5.31216562e-01  6.04267001e-01 -6.71576411e-02  5.85253716e-01
  5.75668812e-01 -5.92515655e-02  5.12848020e-01  5.68800986e-01
 -7.61609897e-02  5.07175803e-01  6.09783709e-01 -7.18810707e-02
  5.16947806e-01  6.36850178e-01 -6.38597980e-02]",B
"[ 6.49423420e-01  6.94422960e-01  6.74307671e-07  6.67582691e-01
  5.92784882e-01  1.52932294e-02  6.51278734e-01  5.10453284e-01
  8.67673382e-03  6.10254049e-01  4.63160485e-01 -1.63937209e-03
  5.78660667e-01  4.39553559e-01 -1.38598839e-02  6.52344525e-01
  4.79526341e-01 -3.02887429e-02  6.44144654e-01  3.64503264e-01
 -5.45783602e-02  6.46347165e-01  2.95302033e-01 -6.74676970e-02
  6.50819302e-01  2.43550509e-01 -7.20059425e-02  6.10669017e-01
  4.97621864e-01 -4.20001559e-02  5.62202215e-01  3.83867741e-01
 -5.87614514e-02  5.35862923e-01  3.16051066e-01 -6.34059608e-02
  5.16134739e-01  2.69720465e-01 -6.57845140e-02  5.70207119e-01
  5.27805090e-01 -4.87101525e-02  5.43805897e-01  4.67343301e-01
 -5.20578474e-02  5.59810221e-01  4.88739014e-01 -3.54078412e-02
  5.71781933e-01  5.17230332e-01 -2.14014035e-02  5.35166681e-01
  5.65611064e-01 -5.46324998e-02  5.27478755e-01  5.17994165e-01
 -4.72169556e-02  5.40189683e-01  5.41257799e-01 -2.61055604e-02
  5.47158659e-01  5.68261504e-01 -8.32727645e-03]",C
"[ 6.47944331e-01  6.75197303e-01  6.34728963e-07  6.68458581e-01
  5.74469149e-01  9.01556388e-03  6.51977956e-01  4.93100464e-01
  4.76449204e-04  6.09887898e-01  4.52026755e-01 -1.08841462e-02
  5.72807372e-01  4.38444942e-01 -2.44174208e-02  6.58368349e-01
  4.66874331e-01 -3.20799202e-02  6.49571836e-01  3.55054855e-01
 -5.63116074e-02  6.50610328e-01  2.88122416e-01 -6.93248287e-02
  6.53264880e-01  2.35513657e-01 -7.42805153e-02  6.16033077e-01
  4.83042717e-01 -4.25508320e-02  5.66271484e-01  3.73679101e-01
 -5.82826547e-02  5.35182238e-01  3.11744511e-01 -6.26950338e-02
  5.11297822e-01  2.68998623e-01 -6.53532967e-02  5.75314403e-01
  5.11698484e-01 -4.91787754e-02  5.46884358e-01  4.49847192e-01
 -5.67241833e-02  5.61313331e-01  4.73928064e-01 -4.36338671e-02
  5.72972834e-01  5.04134059e-01 -3.16099823e-02  5.39557397e-01
  5.47520697e-01 -5.52758388e-02  5.32825351e-01  4.98477161e-01
 -5.30805439e-02  5.44556141e-01  5.23716927e-01 -3.49414647e-02
  5.51678360e-01  5.51677525e-01 -1.91870779e-02]",D
"[ 6.46306753e-01  6.62681103e-01  5.16424961e-07  6.72099531e-01
  5.68969011e-01  7.72523182e-03  6.62535071e-01  4.84322906e-01
 -2.23964817e-04  6.21086061e-01  4.41677719e-01 -9.95835196e-03
  5.82925618e-01  4.30429786e-01 -2.20838282e-02  6.65194035e-01
  4.62483793e-01 -3.48824970e-02  6.50406659e-01  3.50975007e-01
 -5.31831048e-02  6.41231418e-01  2.86687016e-01 -6.07407168e-02
  6.33307636e-01  2.37920314e-01 -6.32449836e-02  6.23302937e-01
  4.80749637e-01 -4.40362319e-02  5.73797762e-01  3.74268234e-01
 -5.61212003e-02  5.43380737e-01  3.17143083e-01 -5.67896031e-02
  5.19296765e-01  2.78548241e-01 -5.74985072e-02  5.82470655e-01
  5.09014845e-01 -4.89676856e-02  5.49062431e-01  4.41399723e-01
 -5.45144789e-02  5.62729657e-01  4.67612475e-01 -3.99520881e-02
  5.73982656e-01  4.97857571e-01 -2.76933108e-02  5.46587944e-01
  5.42585909e-01 -5.31565249e-02  5.32694876e-01  4.87081707e-01
 -5.12117185e-02  5.43901026e-01  5.12571871e-01 -3.32376622e-02
  5.51103055e-01  5.40199161e-01 -1.79671794e-02]",A
"[ 6.41575873e-01  6.53842032e-01  2.03650686e-07  6.69543147e-01
  5.57033956e-01  1.57619510e-02  6.61107123e-01  4.70963091e-01
  1.25504611e-02  6.29369497e-01  4.12985504e-01  9.21681151e-03
  5.96130490e-01  3.80065024e-01  3.65809654e-03  6.61639512e-01
  4.57803696e-01 -3.80168594e-02  6.40663326e-01  3.50193620e-01
 -5.25008030e-02  6.15441382e-01  2.91962594e-01 -5.40590398e-02
  5.96711040e-01  2.53368527e-01 -5.22928797e-02  6.20607853e-01
  4.80698168e-01 -4.89081964e-02  5.61720312e-01  3.62005949e-01
 -5.83033375e-02  5.39148390e-01  3.40663016e-01 -4.64596078e-02
  5.35019159e-01  3.46145511e-01 -3.65206935e-02  5.80207467e-01
  5.10849237e-01 -5.48172966e-02  5.26699603e-01  4.10753965e-01
 -5.93901239e-02  5.30391991e-01  4.17062491e-01 -3.90498117e-02
  5.46828628e-01  4.41337109e-01 -2.30427496e-02  5.45526266e-01
  5.45142949e-01 -5.84131852e-02  5.13764858e-01  4.65543866e-01
 -5.67335002e-02  5.21390319e-01  4.71382678e-01 -3.74830104e-02
  5.36155343e-01  4.92354214e-01 -2.11161003e-02]",B
"[ 6.42425120e-01  6.53510451e-01  4.36673815e-07  6.63327098e-01
  5.57519078e-01  1.80211253e-02  6.48116946e-01  4.82001007e-01
  1.74366590e-02  6.13719583e-01  4.45715368e-01  1.41356895e-02
  5.79884529e-01  4.32816744e-01  8.52547772e-03  6.50205374e-01
  4.52427924e-01 -1.96664259e-02  6.34988487e-01  3.47426087e-01
 -3.10086273e-02  6.21791363e-01  2.88298845e-01 -3.72536220e-02
  6.09102130e-01  2.43224770e-01 -4.04489972e-02  6.11341596e-01
  4.64153498e-01 -3.03479843e-02  5.73197663e-01  3.58347893e-01
 -3.28176245e-02  5.44497430e-01  3.05779785e-01 -3.11793629e-02
  5.21462798e-01  2.76689678e-01 -3.22616436e-02  5.71782231e-01
  4.87114310e-01 -3.66015658e-02  5.25602460e-01  3.98936868e-01
 -3.16810384e-02  5.25297225e-01  3.95949781e-01 -2.19257046e-02
  5.31159937e-01  4.11415875e-01 -1.75821017e-02  5.38618624e-01
  5.18249094e-01 -4.14377488e-02  5.21925807e-01  4.73365217e-01
 -3.59762162e-02  5.30753493e-01  4.83552903e-01 -2.48274188e-02
  5.41868806e-01  5.02512097e-01 -1.64244343e-02]",C
"[ 6.55507028e-01  6.36022627e-01  6.89771014e-07  6.69566333e-01
  5.34607708e-01  1.44554861e-02  6.41901135e-01  4.54097927e-01
  1.66489482e-02  5.98623931e-01  4.37697709e-01  1.75718684e-02
  5.57999432e-01  4.41966236e-01  1.46928057e-02  6.49763644e-01
  4.19993222e-01 -1.11191310e-02  6.50443614e-01  3.16123486e-01
 -2.00335160e-02  6.55587673e-01  2.57393599e-01 -2.47403067e-02
  6.61797225e-01  2.07316339e-01 -2.67252047e-02  6.10754132e-01
  4.31040227e-01 -2.26302817e-02  5.87132215e-01  3.35015833e-01
 -3.04911267e-02  5.76346636e-01  2.79311657e-01 -3.35684679e-02
  5.70996940e-01  2.36144468e-01 -3.41652557e-02  5.72745860e-01
  4.58153039e-01 -3.14000621e-02  5.30049443e-01  3.73413265e-01
 -4.33272161e-02  5.05134046e-01  3.21289122e-01 -5.37906364e-02
  4.85300869e-01  2.77042449e-01 -5.99183440e-02  5.43903232e-01
  4.98918593e-01 -3.67027856e-02  5.29133677e-01  4.50099736e-01
 -4.23636399e-02  5.40658295e-01  4.73209590e-01 -3.54966931e-02
  5.52837551e-01  5.00124514e-01 -2.93528792e-02]",D
"[ 6.51967466e-01  6.29008472e-01  7.61719036e-07  6.71970367e-01
  5.30476391e-01  1.62798297e-02  6.47215605e-01  4.51214492e-01
  1.90463830e-02  6.04279459e-01  4.30280954e-01  2.07232367e-02
  5.64866900e-01  4.27606851e-01  1.93004813e-02  6.52014256e-01
  4.24885899e-01 -1.31111480e-02  6.52400494e-01  3.17277521e-01
 -2.30291057e-02  6.56119406e-01  2.55705863e-01 -2.60716565e-02
  6.61638141e-01  2.05762297e-01 -2.56289952e-02  6.11804664e-01
  4.30888027e-01 -2.37101372e-02  5.94387531e-01  3.22798669e-01
 -3.42276096e-02  5.88224530e-01  2.57380903e-01 -3.47317122e-02
  5.86074352e-01  2.08878011e-01 -3.13888863e-02  5.72627068e-01
  4.52220976e-01 -3.11132334e-02  5.32997012e-01  3.65276396e-01
 -4.20853831e-02  5.11477232e-01  3.07964414e-01 -4.97303344e-02
  4.95937675e-01  2.62543529e-01 -5.27854227e-02  5.42736173e-01
  4.88562614e-01 -3.49822156e-02  5.35535932e-01  4.43873197e-01
 -3.69150043e-02  5.48340201e-01  4.64825153e-01 -2.82176007e-02
  5.62846124e-01  4.88620818e-01 -2.03835368e-02]",A
"[ 6.51701927e-01  6.36622787e-01  5.54843325e-07  6.73187196e-01
  5.38402319e-01  1.43647762e-02  6.59146905e-01  4.59464520e-01
  1.64857879e-02  6.27249122e-01  4.18574035e-01  1.61004215e-02
  5.99349737e-01  3.98377240e-01  1.31750805e-02  6.45034552e-01
  4.20740008e-01 -1.33812632e-02  6.58547163e-01  3.21285903e-01
 -3.03688534e-02  6.67741299e-01  2.57785261e-01 -3.90466489e-02
  6.78342760e-01  2.10714445e-01 -4.28020209e-02  6.08934343e-01
  4.27757382e-01 -2.52272207e-02  6.02718472e-01  3.23372543e-01
 -3.69496979e-02  6.04494989e-01  2.56622970e-01 -3.93511243e-02
  6.10181272e-01  2.05043793e-01 -4.05265912e-02  5.74353218e-01
  4.54772204e-01 -3.57188098e-02  5.50591290e-01  3.59250724e-01
 -4.66480777e-02  5.43202937e-01  2.99860120e-01 -5.43355532e-02
  5.42514861e-01  2.51784444e-01 -5.95532916e-02  5.45302272e-01
  4.96125966e-01 -4.38233279e-02  5.15395284e-01  4.40881193e-01
 -5.80707379e-02  4.96580213e-01  4.00180936e-01 -6.67470694e-02
  4.81747866e-01  3.62353295e-01 -7.14921951e-02]",B
"[ 6.50009215e-01  6.43256783e-01  5.40079895e-07  6.72997832e-01
  5.42964816e-01  1.34670362e-02  6.60897255e-01  4.64628309e-01
  1.44631481e-02  6.32166028e-01  4.22451466e-01  1.24359382e-02
  6.03686631e-01  4.03188735e-01  7.58354133e-03  6.46140695e-01
  4.20803785e-01 -1.19566554e-02  6.54338777e-01  3.20715725e-01
 -2.99672689e-02  6.59700394e-01  2.58212745e-01 -4.08203378e-02
  6.66284800e-01  2.09498256e-01 -4.67020050e-02  6.09283209e-01
  4.28483993e-01 -2.53721010e-02  5.97215891e-01  3.22116137e-01
 -3.83767225e-02  5.92808962e-01  2.55018175e-01 -4.44149524e-02
  5.91870308e-01  2.01516390e-01 -4.85415347e-02  5.74150324e-01
  4.57972139e-01 -3.74056585e-02  5.44888735e-01  3.62827450e-01
 -4.99949567e-02  5.33637285e-01  3.05002213e-01 -5.86416312e-02
  5.29475451e-01  2.56057143e-01 -6.44864887e-02  5.44984281e-01
  5.03552139e-01 -4.71668169e-02  5.18592119e-01  4.42028761e-01
 -6.12250082e-02  5.05001664e-01  3.99160594e-01 -6.79892898e-02
  4.96263325e-01  3.58095258e-01 -7.15508685e-02]",C
"[ 6.52614295e-01  6.38354301e-01  5.38541883e-07  6.74297929e-01
  5.35713434e-01  1.57216042e-02  6.59913063e-01  4.57535595e-01
  1.58002060e-02  6.26247346e-01  4.19515848e-01  1.21522015e-02
  5.92275262e-01  4.04230356e-01  4.89964895e-03  6.52342975e-01
  4.16637152e-01 -1.16708493e-02  6.58510566e-01  3.15021217e-01
 -2.92489529e-02  6.61770344e-01  2.54106075e-01 -3.94460931e-02
  6.65879905e-01  2.05193192e-01 -4.49205488e-02  6.14157319e-01
  4.25241053e-01 -2.69550029e-02  6.01030111e-01  3.13751698e-01
 -3.96636277e-02  5.93609571e-01  2.46668071e-01 -4.59876694e-02
  5.89767575e-01  1.93353474e-01 -5.05378023e-02  5.78012645e-01
  4.53975409e-01 -4.04022969e-02  5.45592904e-01  3.55858803e-01
 -5.22003099e-02  5.33062875e-01  2.98994124e-01 -5.99932149e-02
  5.28326929e-01  2.52903342e-01 -6.53876215e-02  5.48003137e-01
  4.96900231e-01 -5.13567328e-02  5.22700191e-01  4.26700950e-01
 -6.32728934e-02  5.13134599e-01  3.81698251e-01 -6.79101944e-02
  5.09837508e-01  3.40880156e-01 -7.03800321e-02]",D
"[ 6.54122233e-01  6.46081507e-01  5.95109270e-07  6.77266240e-01
  5.41777432e-01  1.78848132e-02  6.65277600e-01  4.63595957e-01
  2.07893383e-02  6.31696224e-01  4.24011827e-01  2.03090664e-02
  6.03219688e-01  4.05180275e-01  1.68159157e-02  6.48989320e-01
  4.20914233e-01 -8.39369278e-03  6.69712067e-01  3.20783228e-01
 -2.39430424e-02  6.81989849e-01  2.60590672e-01 -3.34628746e-02
  6.94615841e-01  2.14282304e-01 -3.77060324e-02  6.09424293e-01
  4.27743524e-01 -2.16562804e-02  5.99544406e-01  3.18533808e-01
 -2.94081382e-02  5.93932927e-01  2.52894521e-01 -3.25747058e-02
  5.94013691e-01  2.02468127e-01 -3.50119583e-02  5.73519766e-01
  4.56224322e-01 -3.28661576e-02  5.47054708e-01  3.62178206e-01
 -3.99322398e-02  5.38181543e-01  3.06840897e-01 -4.62329760e-02
  5.39921641e-01  2.62903750e-01 -5.08170091e-02  5.43366253e-01
  5.01605809e-01 -4.14038785e-02  5.12021065e-01  4.45324868e-01
 -4.94684838e-02  4.99757230e-01  4.10973251e-01 -5.19331805e-02
  4.97428596e-01  3.81869376e-01 -5.23500517e-02]",A
"[ 6.52818620e-01  6.65104687e-01  4.64448334e-07  6.93386734e-01
  5.84747136e-01  1.54681318e-02  7.08858073e-01  5.04142880e-01
  2.03168355e-02  7.15950727e-01  4.47616071e-01  2.37448663e-02
  7.44057894e-01  4.15019274e-01  2.63718572e-02  6.40522063e-01
  4.35966969e-01 -6.98812213e-03  6.56199336e-01  3.38483453e-01
 -1.70900468e-02  6.68322980e-01  2.80494988e-01 -2.37570610e-02
  6.82603538e-01  2.38033473e-01 -2.72933021e-02  5.97486317e-01
  4.43530262e-01 -1.54264495e-02  5.86215258e-01  3.42100322e-01
 -2.12259199e-02  5.80308914e-01  2.80935943e-01 -2.36369316e-02
  5.77604532e-01  2.34522715e-01 -2.56939679e-02  5.61338425e-01
  4.71320271e-01 -2.18712352e-02  5.33615768e-01  3.90253037e-01
 -2.86922250e-02  5.22813320e-01  3.35893363e-01 -4.01821695e-02
  5.19122660e-01  2.90894449e-01 -4.86729220e-02  5.32128155e-01
  5.16453326e-01 -2.54716426e-02  4.84733075e-01  4.91165876e-01
 -3.62859517e-02  4.54151988e-01  4.78937775e-01 -4.55971621e-02
  4.31667894e-01  4.66960996e-01 -5.07455543e-02]",B
"[ 6.59335256e-01  6.65669441e-01  4.74923041e-07  6.99026346e-01
  5.86123943e-01  1.48501555e-02  7.12871790e-01  5.04786968e-01
  1.88536085e-02  7.19796717e-01  4.46015865e-01  2.17958521e-02
  7.47655988e-01  4.14234340e-01  2.36634724e-02  6.45151913e-01
  4.36151922e-01 -1.16579700e-02  6.60672307e-01  3.34837437e-01
 -2.05074996e-02  6.72122777e-01  2.76405871e-01 -2.48838253e-02
  6.85123444e-01  2.34038949e-01 -2.71236394e-02  6.04678929e-01
  4.45166409e-01 -2.11582724e-02  5.91686130e-01  3.37853789e-01
 -2.75152698e-02  5.83093345e-01  2.75179386e-01 -2.99463235e-02
  5.78436136e-01  2.28175968e-01 -3.21659110e-02  5.69152236e-01
  4.75870907e-01 -2.81424467e-02  5.39328516e-01  3.89491946e-01
 -3.66592146e-02  5.25452256e-01  3.32347751e-01 -4.92544584e-02
  5.19434333e-01  2.86396861e-01 -5.84992170e-02  5.40160298e-01
  5.23024559e-01 -3.19430903e-02  4.89348799e-01  4.94641781e-01
 -4.47613634e-02  4.58013594e-01  4.78989333e-01 -5.49898222e-02
  4.34552610e-01  4.63589728e-01 -6.08240850e-02]",C
"[ 6.60744190e-01  6.63656592e-01  4.68057664e-07  7.00385630e-01
  5.85474849e-01  1.61871929e-02  7.15171337e-01  5.06847680e-01
  2.01448239e-02  7.21354902e-01  4.49332446e-01  2.32495051e-02
  7.48062551e-01  4.14747715e-01  2.55086534e-02  6.49064660e-01
  4.34293509e-01 -1.33848032e-02  6.65642977e-01  3.35469007e-01
 -2.39235982e-02  6.76356196e-01  2.76835352e-01 -2.90123206e-02
  6.89231873e-01  2.33436689e-01 -3.15161161e-02  6.06910765e-01
  4.42972571e-01 -2.28815470e-02  5.93583703e-01  3.38293791e-01
 -3.22894938e-02  5.85288227e-01  2.75566459e-01 -3.50325480e-02
  5.81106007e-01  2.27150291e-01 -3.67948152e-02  5.70746839e-01
  4.73610789e-01 -2.95084286e-02  5.41603863e-01  3.89325798e-01
 -4.04078774e-02  5.28607786e-01  3.32435966e-01 -5.21210060e-02
  5.23560345e-01  2.85347134e-01 -5.98783940e-02  5.41554987e-01
  5.21311700e-01 -3.26924659e-02  4.92270857e-01  4.94216263e-01
 -4.61738110e-02  4.61395919e-01  4.80426461e-01 -5.55371903e-02
  4.38585043e-01  4.65967476e-01 -6.02631755e-02]",D
"[ 6.66907787e-01  6.73318207e-01  4.35174030e-07  7.08953083e-01
  5.93459249e-01  1.52421016e-02  7.24350154e-01  5.16569912e-01
  1.83119811e-02  7.27410078e-01  4.57995057e-01  2.06787735e-02
  7.50498533e-01  4.19818610e-01  2.23257001e-02  6.61141098e-01
  4.46601301e-01 -1.67011674e-02  6.75584555e-01  3.44727188e-01
 -2.96021383e-02  6.84154212e-01  2.84146309e-01 -3.57069336e-02
  6.95314646e-01  2.39623562e-01 -3.85892317e-02  6.16424382e-01
  4.54882324e-01 -2.55842451e-02  6.02416813e-01  3.48821402e-01
 -3.77029032e-02  5.94516039e-01  2.83836365e-01 -4.04066145e-02
  5.89890003e-01  2.35701233e-01 -4.16484736e-02  5.79600751e-01
  4.84052569e-01 -3.15942802e-02  5.52041352e-01  3.99235368e-01
 -4.34216298e-02  5.41527092e-01  3.41534972e-01 -5.36784977e-02
  5.37251949e-01  2.95268297e-01 -6.01926409e-02  5.50647378e-01
  5.31474233e-01 -3.43548022e-02  5.02437711e-01  5.03237188e-01
 -4.82566208e-02  4.71940309e-01  4.87940907e-01 -5.69769926e-02
  4.49143738e-01  4.72674340e-01 -6.09976947e-02]",A
"[ 6.74184024e-01  6.81533694e-01  4.62749057e-07  7.16976166e-01
  6.03823304e-01  1.23710372e-02  7.31618524e-01  5.26924551e-01
  1.39797432e-02  7.31776655e-01  4.67234343e-01  1.50743909e-02
  7.53311992e-01  4.28724051e-01  1.50515242e-02  6.67926669e-01
  4.54994440e-01 -1.72931328e-02  6.81778252e-01  3.53678405e-01
 -2.95783505e-02  6.89921081e-01  2.91931868e-01 -3.60367671e-02
  6.99472189e-01  2.46621296e-01 -3.94083709e-02  6.23830140e-01
  4.62272465e-01 -2.58691274e-02  6.11839771e-01  3.55526209e-01
 -3.53448726e-02  6.04537666e-01  2.90636778e-01 -3.77255678e-02
  5.98698437e-01  2.42185414e-01 -3.93555462e-02  5.86430550e-01
  4.91763085e-01 -3.19712386e-02  5.60691416e-01  4.06235784e-01
 -4.21921089e-02  5.49713850e-01  3.48482311e-01 -5.29730953e-02
  5.43415606e-01  3.03282440e-01 -6.06250353e-02  5.56535780e-01
  5.39204657e-01 -3.51754352e-02  5.07434726e-01  5.11814475e-01
 -4.91634421e-02  4.76091206e-01  4.96201277e-01 -5.83248772e-02
  4.51477289e-01  4.80974197e-01 -6.28863201e-02]",B
